{"fonts/poppins/Poppins-Bold.ttf":["fonts/poppins/Poppins-Bold.ttf"],"fonts/poppins/Poppins-Italic.ttf":["fonts/poppins/Poppins-Italic.ttf"],"fonts/poppins/Poppins-Medium.ttf":["fonts/poppins/Poppins-Medium.ttf"],"fonts/poppins/Poppins-Regular.ttf":["fonts/poppins/Poppins-Regular.ttf"],"images/bg_blue_card.png":["images/bg_blue_card.png"],"images/bg_blue_circle_card.png":["images/bg_blue_circle_card.png"],"images/bg_purple_card.png":["images/bg_purple_card.png"],"images/bg_red_card.png":["images/bg_red_card.png"],"images/ico_add_new.png":["images/ico_add_new.png"],"images/ico_delete_card.png":["images/ico_delete_card.png"],"images/ico_gift.png":["images/ico_gift.png"],"images/ico_history.png":["images/ico_history.png"],"images/ico_history_selected.png":["images/ico_history_selected.png"],"images/ico_home.png":["images/ico_home.png"],"images/ico_home_selected.png":["images/ico_home_selected.png"],"images/ico_logo_blue.png":["images/ico_logo_blue.png"],"images/ico_logo_red.png":["images/ico_logo_red.png"],"images/ico_pay_broad.png":["images/ico_pay_broad.png"],"images/ico_pay_elect.png":["images/ico_pay_elect.png"],"images/ico_pay_gas.png":["images/ico_pay_gas.png"],"images/ico_pay_phone.png":["images/ico_pay_phone.png"],"images/ico_profile.png":["images/ico_profile.png"],"images/ico_profile_selected.png":["images/ico_profile_selected.png"],"images/ico_receive_money.png":["images/ico_receive_money.png"],"images/ico_send_money.png":["images/ico_send_money.png"],"images/ico_settings.png":["images/ico_settings.png"],"images/ico_settings_selected.png":["images/ico_settings_selected.png"],"packages/cupertino_icons/assets/CupertinoIcons.ttf":["packages/cupertino_icons/assets/CupertinoIcons.ttf"]}